{"ac": 0.7988865529860625, "fscore": 0.6787642807886094}